{"data": [{
  "_id": 1,
  "a": 0,
  "age_adjusted_raw_value": 191.182,
  "b": 0,
  "c": 160,
  "calculated_value": 160,
  "calculated_value_slope": 0,
  "calibration": 1,
  "calibration_flag": 0,
  "calibration_uuid": "44d096c6-fed6-4128-8601-5fcf9aeae5ba",
  "filtered_data": 136,
  "hide_slope": 0,
  "noise": "None",
  "ra": 0,
  "raw_calculated": 0,
  "raw_data": 134,
  "rb": 0,
  "rc": 191.182,
  "sensor": 1,
  "sensor_uuid": "e9b60d0e-621b-4131-b836-c3ef85f088ee",
  "snyced": 0,
  "time_since_sensor_started": 8489470.0,
  "timestamp": 1502119889857,
  "uuid": "c8747d91-3c42-4a92-a014-bd76d29dcd70"
  },
  {
  "_id": 2,
  "a": 0,
  "age_adjusted_raw_value": 191.072,
  "b": 6.68143e-06,
  "c": -10036200.0,
  "calculated_value": 162,
  "calculated_value_slope": 0,
  "calibration": 1,
  "calibration_flag": 0,
  "calibration_uuid": "44d096c6-fed6-4128-8601-5fcf9aeae5ba",
  "filtered_data": 135,
  "hide_slope": 0,
  "noise": "None",
  "ra": 0,
  "raw_calculated": 0,
  "raw_data": 134,
  "rb": -3.67325e-07,
  "rc": 551957,
  "sensor": 1,
  "sensor_uuid": "e9b60d0e-621b-4131-b836-c3ef85f088ee",
  "snyced": 0,
  "time_since_sensor_started": 8788800.0,
  "timestamp": 1502120189194,
  "uuid": "772cd15a-1785-4b12-9cb3-65ee51a9773c"
  },
  {
  "_id": 3,
  "a": 5.49555e-12,
  "age_adjusted_raw_value": 193.811,
  "b": -16.5099,
  "c": 12399900000000.0,
  "calculated_value": 165,
  "calculated_value_slope": 0,
  "calibration": 1,
  "calibration_flag": 0,
  "calibration_uuid": "44d096c6-fed6-4128-8601-5fcf9aeae5ba",
  "filtered_data": 135,
  "hide_slope": 0,
  "noise": "None",
  "ra": 1.5801e-11,
  "raw_calculated": 0,
  "raw_data": 136,
  "rb": -47.47,
  "rc": 35652800000000.0,
  "sensor": 1,
  "sensor_uuid": "e9b60d0e-621b-4131-b836-c3ef85f088ee",
  "snyced": 0,
  "time_since_sensor_started": 9089450.0,
  "timestamp": 1502120489836,
  "uuid": "33c78be9-f442-4ce6-b2c8-f90652a89665"
  },
  {
  "_id": 4,
  "a": 3.33982e-11,
  "age_adjusted_raw_value": 202.245,
  "b": -100.336,
  "c": 75358400000000.0,
  "calculated_value": 174,
  "calculated_value_slope": 0,
  "calibration": 1,
  "calibration_flag": 0,
  "calibration_uuid": "44d096c6-fed6-4128-8601-5fcf9aeae5ba",
  "filtered_data": 135,
  "hide_slope": 0,
  "noise": "None",
  "ra": 3.16936e-11,
  "raw_calculated": 0,
  "raw_data": 142,
  "rb": -95.2151,
  "rc": 71512300000000.0,
  "sensor": 1,
  "sensor_uuid": "e9b60d0e-621b-4131-b836-c3ef85f088ee",
  "snyced": 0,
  "time_since_sensor_started": 9389150.0,
  "timestamp": 1502120789544,
  "uuid": "fd1e5a42-5c33-4af5-8d50-47706387af88"
  },
  {
  "_id": 5,
  "a": -4.44766e-11,
  "age_adjusted_raw_value": 203.552,
  "b": 133.619,
  "c": -100356000000000.0,
  "calculated_value": 175,
  "calculated_value_slope": 0,
  "calibration": 1,
  "calibration_flag": 0,
  "calibration_uuid": "44d096c6-fed6-4128-8601-5fcf9aeae5ba",
  "filtered_data": 138,
  "hide_slope": 0,
  "noise": "None",
  "ra": -3.96331e-11,
  "raw_calculated": 0,
  "raw_data": 143,
  "rb": 119.067,
  "rc": -89426800000000.0,
  "sensor": 1,
  "sensor_uuid": "e9b60d0e-621b-4131-b836-c3ef85f088ee",
  "snyced": 0,
  "time_since_sensor_started": 9689840.0,
  "timestamp": 1502121090230,
  "uuid": "9a4e3eba-0aa5-4c4e-8cef-2a9366808e6f"
  },
  {
  "_id": 6,
  "a": -5.54385e-12,
  "age_adjusted_raw_value": 203.434,
  "b": 16.6551,
  "c": -12509000000000.0,
  "calculated_value": 175,
  "calculated_value_slope": 0,
  "calibration": 1,
  "calibration_flag": 0,
  "calibration_uuid": "44d096c6-fed6-4128-8601-5fcf9aeae5ba",
  "filtered_data": 141,
  "hide_slope": 0,
  "noise": "None",
  "ra": -7.8959e-12,
  "raw_calculated": 0,
  "raw_data": 143,
  "rb": 23.7212,
  "rc": -17816100000000.0,
  "sensor": 1,
  "sensor_uuid": "e9b60d0e-621b-4131-b836-c3ef85f088ee",
  "snyced": 0,
  "time_since_sensor_started": 9989050.0,
  "timestamp": 1502121389439,
  "uuid": "37be6cbe-de12-47d4-8b3f-f179fb699267"
  },
  {
  "_id": 7,
  "a": -2.77997e-11,
  "age_adjusted_raw_value": 197.63,
  "b": 83.5171,
  "c": -62726400000000.0,
  "calculated_value": 170,
  "calculated_value_slope": 0,
  "calibration": 1,
  "calibration_flag": 0,
  "calibration_uuid": "44d096c6-fed6-4128-8601-5fcf9aeae5ba",
  "filtered_data": 143,
  "hide_slope": 0,
  "noise": "None",
  "ra": -3.16204e-11,
  "raw_calculated": 0,
  "raw_data": 139,
  "rb": 94.9953,
  "rc": -71347200000000.0,
  "sensor": 1,
  "sensor_uuid": "e9b60d0e-621b-4131-b836-c3ef85f088ee",
  "snyced": 0,
  "time_since_sensor_started": 10289200.0,
  "timestamp": 1502121689545,
  "uuid": "11cd9e71-8648-4854-ab1f-51219abc6fc9"
  },
  {
  "_id": 8,
  "a": -5.54959e-12,
  "age_adjusted_raw_value": 191.831,
  "b": 16.6723,
  "c": -12521900000000.0,
  "calculated_value": 164,
  "calculated_value_slope": 0,
  "calibration": 1,
  "calibration_flag": 0,
  "calibration_uuid": "44d096c6-fed6-4128-8601-5fcf9aeae5ba",
  "filtered_data": 142,
  "hide_slope": 0,
  "noise": "None",
  "ra": 3.83241e-14,
  "raw_calculated": 0,
  "raw_data": 135,
  "rb": -0.115154,
  "rc": 86502400000.0,
  "sensor": 1,
  "sensor_uuid": "e9b60d0e-621b-4131-b836-c3ef85f088ee",
  "snyced": 0,
  "time_since_sensor_started": 10589300.0,
  "timestamp": 1502121989668,
  "uuid": "ecddec56-e6d2-4062-a86a-4ea79a545dee"
  },
  {
  "_id": 9,
  "a": 1.66524e-11,
  "age_adjusted_raw_value": 188.88,
  "b": -50.0278,
  "c": 37573900000000.0,
  "calculated_value": 161,
  "calculated_value_slope": 0,
  "calibration": 1,
  "calibration_flag": 0,
  "calibration_uuid": "44d096c6-fed6-4128-8601-5fcf9aeae5ba",
  "filtered_data": 139,
  "hide_slope": 0,
  "noise": "None",
  "ra": 1.58024e-11,
  "raw_calculated": 0,
  "raw_data": 133,
  "rb": -47.4744,
  "rc": 35656200000000.0,
  "sensor": 1,
  "sensor_uuid": "e9b60d0e-621b-4131-b836-c3ef85f088ee",
  "snyced": 0,
  "time_since_sensor_started": 10889400.0,
  "timestamp": 1502122289768,
  "uuid": "df3e93d1-9275-4993-a050-08c2245e90af"
  },
  {
  "_id": 10,
  "a": -1.67187e-11,
  "age_adjusted_raw_value": 183.093,
  "b": 50.227,
  "c": -37723500000000.0,
  "calculated_value": 155,
  "calculated_value_slope": 0,
  "calibration": 1,
  "calibration_flag": 0,
  "calibration_uuid": "44d096c6-fed6-4128-8601-5fcf9aeae5ba",
  "filtered_data": 135,
  "hide_slope": 0,
  "noise": "None",
  "ra": -1.58013e-11,
  "raw_calculated": 0,
  "raw_data": 129,
  "rb": 47.4708,
  "rc": -35653500000000.0,
  "sensor": 1,
  "sensor_uuid": "e9b60d0e-621b-4131-b836-c3ef85f088ee",
  "snyced": 0,
  "time_since_sensor_started": 11189000.0,
  "timestamp": 1502122589414,
  "uuid": "d19c5971-5bc9-4f57-829d-8679be43f761"
  },
  {
  "_id": 11,
  "a": -1.67164e-11,
  "age_adjusted_raw_value": 174.476,
  "b": 50.2202,
  "c": -37718400000000.0,
  "calculated_value": 146,
  "calculated_value_slope": -1.66667e-05,
  "calibration": 1,
  "calibration_flag": 0,
  "calibration_uuid": "44d096c6-fed6-4128-8601-5fcf9aeae5ba",
  "filtered_data": 130,
  "hide_slope": 0,
  "noise": "None",
  "ra": -1.57716e-11,
  "raw_calculated": 0,
  "raw_data": 123,
  "rb": 47.3819,
  "rc": -35586700000000.0,
  "sensor": 1,
  "sensor_uuid": "e9b60d0e-621b-4131-b836-c3ef85f088ee",
  "snyced": 0,
  "time_since_sensor_started": 11488600.0,
  "timestamp": 1502122889007,
  "uuid": "5343f539-876f-497b-ba17-939d05570751"
  },
  {
  "_id": 12,
  "a": 2.78675e-11,
  "age_adjusted_raw_value": 171.54,
  "b": -83.7209,
  "c": 62879500000000.0,
  "calculated_value": 142,
  "calculated_value_slope": -1.66667e-05,
  "calibration": 1,
  "calibration_flag": 0,
  "calibration_uuid": "44d096c6-fed6-4128-8601-5fcf9aeae5ba",
  "filtered_data": 127,
  "hide_slope": 0,
  "noise": "None",
  "ra": 3.16446e-11,
  "raw_calculated": 0,
  "raw_data": 121,
  "rb": -95.0682,
  "rc": 71402100000000.0,
  "sensor": 1,
  "sensor_uuid": "e9b60d0e-621b-4131-b836-c3ef85f088ee",
  "snyced": 0,
  "time_since_sensor_started": 11788700.0,
  "timestamp": 1502123189112,
  "uuid": "1c8507a7-1a04-4c63-a438-510c137c6984"
  },
  {
  "_id": 13,
  "a": 1.1108e-11,
  "age_adjusted_raw_value": 168.606,
  "b": -33.3713,